airport_code,airport_name,city,state,latitude,longitude
ATL,Hartsfield-Jackson Atlanta International,Atlanta,GA,33.6407,-84.4277
DFW,Dallas/Fort Worth International,Dallas/Fort Worth,TX,32.8998,-97.0403
DEN,Denver International,Denver,CO,39.8561,-104.6737
ORD,Chicago O'Hare International,Chicago,IL,41.9742,-87.9073
LAX,Los Angeles International,Los Angeles,CA,33.9416,-118.4085
CLT,Charlotte Douglas International,Charlotte,NC,35.2144,-80.9473
LAS,Harry Reid International,Las Vegas,NV,36.0840,-115.1537
PHX,Phoenix Sky Harbor International,Phoenix,AZ,33.4352,-112.0101
MCO,Orlando International,Orlando,FL,28.4312,-81.3081
SEA,Seattle-Tacoma International,Seattle,WA,47.4502,-122.3088
MIA,Miami International,Miami,FL,25.7959,-80.2870
IAH,George Bush Intercontinental,Houston,TX,29.9902,-95.3368
JFK,John F. Kennedy International,New York,NY,40.6413,-73.7781
EWR,Newark Liberty International,Newark,NJ,40.6895,-74.1745
SFO,San Francisco International,San Francisco,CA,37.6213,-122.3790
BOS,Boston Logan International,Boston,MA,42.3656,-71.0096
FLL,Fort Lauderdale-Hollywood International,Fort Lauderdale,FL,26.0742,-80.1506
MSP,Minneapolis-Saint Paul International,Minneapolis,MN,44.8848,-93.2223
LGA,LaGuardia,New York,NY,40.7769,-73.8740
DTW,Detroit Metropolitan Wayne County,Detroit,MI,42.2162,-83.3554
PHL,Philadelphia International,Philadelphia,PA,39.8744,-75.2424
SLC,Salt Lake City International,Salt Lake City,UT,40.7899,-111.9791
BWI,Baltimore/Washington International,Baltimore,MD,39.1774,-76.6684
DCA,Ronald Reagan Washington National,Washington,DC,38.8512,-77.0402
SAN,San Diego International,San Diego,CA,32.7338,-117.1933
IAD,Washington Dulles International,Washington,VA,38.9531,-77.4565
TPA,Tampa International,Tampa,FL,27.9755,-82.5332
BNA,Nashville International,Nashville,TN,36.1263,-86.6774
AUS,Austin-Bergstrom International,Austin,TX,30.1975,-97.6664
MDW,Chicago Midway International,Chicago,IL,41.7868,-87.7522
